file_id,financebench_id,sous_tache,forme,societe,rapport,pages,question,attendu,formule,url,source_origine
fb-03029,financebench_id_03029,releve,nombre,3M,3M_2018_10K,60,What is the FY2018 capital expenditure amount (in USD millions) for 3M? Give a response to the question by relying on the details shown in the cash flow statement.,$1577.00,"The metric capital expenditures was directly extracted from the company 10K. The line item name, as seen in the 10K, was: Purchases of property, plant and equipment (PP&E).",https://github.com/patronus-ai/financebench/blob/main/pdfs/3M_2018_10K.pdf,https://investors.3m.com/financials/sec-filings/content/0001558370-19-000470/0001558370-19-000470.pdf
fb-04672,financebench_id_04672,releve,nombre,3M,3M_2018_10K,58,Assume that you are a public equities analyst. Answer the following question by primarily using information that is shown in the balance sheet: what is the year end FY2018 net PPNE for 3M? Answer in USD billions.,$8.70,"The metric ppne, net was directly extracted from the company 10K. The line item name, as seen in the 10K, was: Property, plant and equipment â net.",https://github.com/patronus-ai/financebench/blob/main/pdfs/3M_2018_10K.pdf,https://investors.3m.com/financials/sec-filings/content/0001558370-19-000470/0001558370-19-000470.pdf
fb-01865,financebench_id_01865,libelle,libelle,3M,3M_2022_10K,25,"If we exclude the impact of M&A, which segment has dragged down 3M's overall growth in 2022?",Consumer | Consumer segment,,https://github.com/patronus-ai/financebench/blob/main/pdfs/3M_2022_10K.pdf,https://investors.3m.com/financials/sec-filings/content/0000066740-23-000014/0000066740-23-000014.pdf
fb-00438,financebench_id_00438,verdict,verdict,Adobe,ADOBE_2022_10K,54,"Does Adobe have an improving operating margin profile as of FY2022? If operating margin is not a useful metric for a company like this, then state that and explain why.",no,6098/16388 5802/14573,https://github.com/patronus-ai/financebench/blob/main/pdfs/ADOBE_2022_10K.pdf,https://www.adobe.com/pdf-page.html?pdfTarget=aHR0cHM6Ly93d3cuYWRvYmUuY29tL2NvbnRlbnQvZGFtL2NjL2VuL2ludmVzdG9yLXJlbGF0aW9ucy9wZGZzL0FEQkUtMTBLLUZZMjItRklOQUwucGRm
fb-01319,financebench_id_01319,releve,nombre,AES Corporation,AES_2022_10K,132,What is the quantity of restructuring costs directly outlined in AES Corporation's income statements for FY2022? If restructuring costs are not explicitly outlined then state 0.,0,,https://github.com/patronus-ai/financebench/blob/main/pdfs/AES_2022_10K.pdf,https://d18rn0p25nwr6d.cloudfront.net/CIK-0000874761/3be55db1-bf7e-407a-8062-6a6b8d9dd2f5.pdf
fb-10420,financebench_id_10420,calcul,nombre,AES Corporation,AES_2022_10K,130 ; 132,"Based on the information provided primarily in the statement of financial position and the statement of income, what is AES's FY2022 return on assets (ROA)? ROA is defined as: FY2022 net income / (average total assets between FY2021 and FY2022). Round your answer to two decimal places.",-0.02,"The metric in question was calculated using other simpler metrics. The various simpler metrics (from the current and, if relevant, previous fiscal year(s)) used were: Metric 1: Net income. This metric was located in the 10K as a single line item named: NET INCOME (LOSS) ATTRIBUTABLE TO THE AES CORPORATION. Metric 2: Total assets. This metric was located in the 10K as a single line item named: TOTAL ASSETS.",https://github.com/patronus-ai/financebench/blob/main/pdfs/AES_2022_10K.pdf,https://d18rn0p25nwr6d.cloudfront.net/CIK-0000874761/3be55db1-bf7e-407a-8062-6a6b8d9dd2f5.pdf
fb-03882,financebench_id_03882,releve,nombre,Amcor,AMCOR_2020_10K,50,What is Amcor's year end FY2020 net AR (in USD millions)? Address the question by adopting the perspective of a financial analyst who can only use the details shown within the balance sheet.,$1616.00,"The metric accounts receivable, net was directly extracted from the company 10K. The line item name, as seen in the 10K, was: Trade receivables, net.",https://github.com/patronus-ai/financebench/blob/main/pdfs/AMCOR_2020_10K.pdf,https://portalvhds1fxb0jchzgjph.blob.core.windows.net/press-releases-attachments/1517907/Annual%20report%20%5BSection%2013%20and%2015(d)%2C%20not%20S-K%20Item%20405%5D.pdf
fb-00684,financebench_id_00684,verdict,verdict,Amcor,AMCOR_2023_10K,50,"Does AMCOR have an improving gross margin profile as of FY2023? If gross margin is not a useful metric for a company like this, then state that and explain why.",no,Gross Profit/Net Sales 2725/14694 2820/14544,https://github.com/patronus-ai/financebench/blob/main/pdfs/AMCOR_2023_10K.pdf,https://portalvhds1fxb0jchzgjph.blob.core.windows.net/press-releases-attachments/1556025/Annual%20report%20%5BSection%2013%20and%2015(d)%2C%20not%20S-K%20Item%20405%5D.pdf
fb-03069,financebench_id_03069,calcul,nombre,AMD,AMD_2015_10K,56 ; 60,"Answer the following question as if you are an equity research analyst and have lost internet connection so you do not have access to financial metric providers. According to the details clearly outlined within the P&L statement and the statement of cash flows, what is the FY2015 depreciation and amortization (D&A from cash flow statement) % margin for AMD?",4.2%,"The metric in question was calculated using other simpler metrics. The various simpler metrics (from the current and, if relevant, previous fiscal year(s)) used were: Metric 1: Depreciation and amortization. This metric was located in the 10K as a single line item named: Depreciation and amortization. Metric 2: Total revenue. This metric was located in the 10K as a single line item named: Net revenue.",https://github.com/patronus-ai/financebench/blob/main/pdfs/AMD_2015_10K.pdf,https://ir.amd.com/sec-filings/filter/annual-filings/content/0000002488-16-000111/0000002488-16-000111.pdf
fb-01279,financebench_id_01279,libelle,libelle,AMD,AMD_2022_10K,58,"Among operations, investing, and financing activities, which brought in the most (or lost the least) cash flow for AMD in FY22?",operations | operating | operating activities | cash flows from operating activities | cash flow from operations | cash provided by operations | cash provided (used) by operations | net cash provided by operating activities | total cash provided by operating activities | cash provided by operating activities,,https://github.com/patronus-ai/financebench/blob/main/pdfs/AMD_2022_10K.pdf,https://ir.amd.com/sec-filings/content/0000002488-23-000047/0000002488-23-000047.pdf
fb-00563,financebench_id_00563,libelle,libelle,AMD,AMD_2022_10K,48,"From FY21 to FY22, excluding Embedded, in which AMD reporting segment did sales proportionally increase the most?",Data Center | Data Center segment,"Data center: FY22: 6,043 FY21: 3,694 6,043/3,694-1 = 63,59% Client: FY22: 6,201 FY21: 6,887 6,201/6,887-1 = -9,96% Gaming: FY22: 6,805 FY21: 5,607 6,805/5,607-1 = 21,37%",https://github.com/patronus-ai/financebench/blob/main/pdfs/AMD_2022_10K.pdf,https://ir.amd.com/sec-filings/content/0000002488-23-000047/0000002488-23-000047.pdf
fb-00757,financebench_id_00757,verdict,verdict,AMD,AMD_2022_10K,12,Did AMD report customer concentration in FY22?,yes,One customer ccounting for 16% of net evenue is a high customer concenration,https://github.com/patronus-ai/financebench/blob/main/pdfs/AMD_2022_10K.pdf,https://ir.amd.com/sec-filings/content/0000002488-23-000047/0000002488-23-000047.pdf
fb-00476,financebench_id_00476,libelle,libelle,American Express,AMERICANEXPRESS_2022_10K,1,Which debt securities are registered to trade on a national securities exchange under American Express' name as of 2022?,,"No debt securities are listed under the securities registered pursuant to Section 12(b) of the Act, which implies there are none",https://github.com/patronus-ai/financebench/blob/main/pdfs/AMERICANEXPRESS_2022_10K.pdf,https://s26.q4cdn.com/747928648/files/doc_financials/2022/q4/AMEX-10K-4Q22.pdf
fb-01964,financebench_id_01964,libelle,libelle,American Express,AMERICANEXPRESS_2022_10K,98,What was the largest liability in American Express's Balance Sheet in 2022?,Customer deposits,,https://github.com/patronus-ai/financebench/blob/main/pdfs/AMERICANEXPRESS_2022_10K.pdf,https://s26.q4cdn.com/747928648/files/doc_financials/2022/q4/AMEX-10K-4Q22.pdf
fb-04254,financebench_id_04254,calcul,nombre,American Water Works,AMERICANWATERWORKS_2021_10K,86 ; 88,"Basing your judgments off of the cash flow statement and the income statement, what is American Water Works's FY2021 unadjusted operating income + depreciation and amortization from the cash flow statement (unadjusted EBITDA) in USD millions?",$1832.00,"The metric in question was calculated using other simpler metrics. The various simpler metrics (from the current and, if relevant, previous fiscal year(s)) used were: Metric 1: Depreciation and amortization. This metric was located in the 10K as a single line item named: Depreciation and amortization. Metric 2: Unadjusted operating income. This metric was located in the 10K as a single line item named: Operating income.",https://github.com/patronus-ai/financebench/blob/main/pdfs/AMERICANWATERWORKS_2021_10K.pdf,https://d18rn0p25nwr6d.cloudfront.net/CIK-0001410636/1228947b-ee48-4079-984b-7741727bbcea.pdf
fb-02608,financebench_id_02608,calcul,nombre,Best Buy,BESTBUY_2017_10K,56,"In agreement with the information outlined in the income statement, what is the FY2015 - FY2017 3 year average net profit margin (as a %) for Best Buy? Answer in units of percents and round to one decimal place.",2.8%,"The metric in question was calculated using other simpler metrics. The various simpler metrics (from the current and, if relevant, previous fiscal year(s)) used were: Metric 1: Total revenue. This metric was located in the 10K as a single line item named: Revenue. Metric 2: Net income. This metric was located in the 10K as a single line item named: Net earnings attributable to Best Buy Co., Inc. shareholders.",https://github.com/patronus-ai/financebench/blob/main/pdfs/BESTBUY_2017_10K.pdf,https://d18rn0p25nwr6d.cloudfront.net/CIK-0000764478/47c2227c-aa33-4fe8-b14c-5f77bc63857e.pdf
fb-04417,financebench_id_04417,releve,nombre,Best Buy,BESTBUY_2019_10K,52,What is the year end FY2019 total amount of inventories for Best Buy? Answer in USD millions. Base your judgments on the information provided primarily in the balance sheet.,$5409.00,"The metric inventories was directly extracted from the company 10K. The line item name, as seen in the 10K, was: Merchandise inventories.",https://github.com/patronus-ai/financebench/blob/main/pdfs/BESTBUY_2019_10K.pdf,https://d18rn0p25nwr6d.cloudfront.net/CIK-0000764478/17bef9d1-6ef1-4a53-beb8-9c12b07a4a0e.pdf
fb-01275,financebench_id_01275,libelle,libelle,Best Buy,BESTBUY_2023_10K,42,"Among operations, investing, and financing activities, which brought in the most (or lost the least) cash flow for Best Buy in FY2023?",operations | operating | operating activities | cash flows from operating activities | cash flow from operations | cash provided by operations | cash provided (used) by operations | net cash provided by operating activities | total cash provided by operating activities | cash provided by operating activities,,https://github.com/patronus-ai/financebench/blob/main/pdfs/BESTBUY_2023_10K.pdf,https://d18rn0p25nwr6d.cloudfront.net/CIK-0000764478/a7d1c855-4d22-48e4-9d17-b5f5af923dbe.pdf
fb-00460,financebench_id_00460,verdict,verdict,Best Buy,BESTBUY_2024Q2_10Q,17,Was there any change in the number of Best Buy stores between Q2 of FY2024 and FY2023?,yes,969/982-1,https://github.com/patronus-ai/financebench/blob/main/pdfs/BESTBUY_2024Q2_10Q.pdf,https://d18rn0p25nwr6d.cloudfront.net/CIK-0000764478/5e179976-086d-4c3c-af0c-85fda4b35b9d.pdf
fb-04660,financebench_id_04660,calcul,nombre,Block,BLOCK_2016_10K,68,"Considering the data in the balance sheet, what is Block's (formerly known as Square) FY2016 working capital ratio? Define working capital ratio as total current assets divided by total current liabilities. Round your answer to two decimal places.",1.73,"The metric in question was calculated using other simpler metrics. The various simpler metrics (from the current and, if relevant, previous fiscal year(s)) used were: Metric 1: Total current liabilities. This metric was located in the 10K as a single line item named: Total current liabilities. Metric 2: Total current assets. This metric was located in the 10K as a single line item named: Total current assets.",https://github.com/patronus-ai/financebench/blob/main/pdfs/BLOCK_2016_10K.pdf,https://d18rn0p25nwr6d.cloudfront.net/CIK-0001512673/1862b88f-4e6b-4251-be45-4833fc0a0126.pdf
fb-00517,financebench_id_00517,verdict,verdict,Boeing,BOEING_2022_10K,62,Are there any product categories / service categories that represent more than 20% of Boeing's revenue for FY2022?,yes,"Commercial Airplanes%=Revenues: Commercial Airplanes/Total revenues*100=25,867/66,608*100=39%. Defence%=Defense, Space & Security/Total revenues*100=23,162/66,608*100=35%. Services%=Global Services/Total revenues*100=17,611/66,608*100=26%.",https://github.com/patronus-ai/financebench/blob/main/pdfs/BOEING_2022_10K.pdf,https://d18rn0p25nwr6d.cloudfront.net/CIK-0000012927/c93682a4-8b3c-4251-a2ed-97c4e474a214.pdf
fb-03473,financebench_id_03473,calcul,nombre,Coca-Cola,COCACOLA_2017_10K,74 ; 76,What is the FY2017 return on assets (ROA) for Coca Cola? ROA is defined as: FY2017 net income / (average total assets between FY2016 and FY2017). Round your answer to two decimal places. Give a response to the question by relying on the details shown in the balance sheet and the P&L statement.,0.01,"The metric in question was calculated using other simpler metrics. The various simpler metrics (from the current and, if relevant, previous fiscal year(s)) used were: Metric 1: Net income. This metric was located in the 10K as a single line item named: NET INCOME ATTRIBUTABLE TO SHAREOWNERS OF THE COCA-COLA COMPANY. Metric 2: Total assets. This metric was located in the 10K as a single line item named: TOTAL ASSETS.",https://github.com/patronus-ai/financebench/blob/main/pdfs/COCACOLA_2017_10K.pdf,https://investors.coca-colacompany.com/filings-reports/annual-filings-10-k/content/0000021344-18-000008/0000021344-18-000008.pdf
fb-09724,financebench_id_09724,calcul,nombre,Coca-Cola,COCACOLA_2021_10K,62,What is Coca Cola's FY2021 COGS % margin? Calculate what was asked by utilizing the line items clearly shown in the income statement.,39.7%,"The metric in question was calculated using other simpler metrics. The various simpler metrics (from the current and, if relevant, previous fiscal year(s)) used were: Metric 1: Cost of goods sold. This metric was located in the 10K as a single line item named: Cost of goods sold. Metric 2: Total revenue. This metric was located in the 10K as a single line item named: Net Operating Revenues.",https://github.com/patronus-ai/financebench/blob/main/pdfs/COCACOLA_2021_10K.pdf,https://investors.coca-colacompany.com/filings-reports/annual-filings-10-k/content/0000021344-22-000009/0000021344-22-000009.pdf
fb-04209,financebench_id_04209,releve,nombre,Costco,COSTCO_2021_10K,38,"Using only the information within the balance sheet, how much total assets did Costco have at the end of FY2021? Answer in USD millions.",$59268.00,"The metric total assets was directly extracted from the company 10K. The line item name, as seen in the 10K, was: TOTAL ASSETS.",https://github.com/patronus-ai/financebench/blob/main/pdfs/COSTCO_2021_10K.pdf,https://d18rn0p25nwr6d.cloudfront.net/CIK-0000909832/534964a5-44c9-47b3-b3c0-7620830fad6c.pdf
fb-05915,financebench_id_05915,calcul,nombre,CVS Health,CVSHEALTH_2018_10K,302 ; 304,What is the FY2018 fixed asset turnover ratio for CVS Health? Fixed asset turnover ratio is defined as: FY2018 revenue / (average PP&E between FY2017 and FY2018). Round your answer to two decimal places. Calculate what was asked by utilizing the line items clearly shown in the P&L statement and the balance sheet.,17.98,"The metric in question was calculated using other simpler metrics. The various simpler metrics (from the current and, if relevant, previous fiscal year(s)) used were: Metric 1: Total revenue. This metric was located in the 10K as a single line item named: Total revenues. Metric 2: Ppne, net. This metric was located in the 10K as a single line item named: Property and equipment, net.",https://github.com/patronus-ai/financebench/blob/main/pdfs/CVSHEALTH_2018_10K.pdf,https://d18rn0p25nwr6d.cloudfront.net/CIK-0000064803/317e65d9-41c0-4975-b3e1-30f7f2616049.pdf
fb-03471,financebench_id_03471,calcul,nombre,General Mills,GENERALMILLS_2020_10K,50,"By drawing conclusions from the information stated only in the statement of financial position, what is General Mills's FY2020 working capital ratio? Define working capital ratio as total current assets divided by total current liabilities. Round your answer to two decimal places.",0.68,"The metric in question was calculated using other simpler metrics. The various simpler metrics (from the current and, if relevant, previous fiscal year(s)) used were: Metric 1: Total current liabilities. This metric was located in the 10K as a single line item named: Total current liabilities. Metric 2: Total current assets. This metric was located in the 10K as a single line item named: Total current assets.",https://github.com/patronus-ai/financebench/blob/main/pdfs/GENERALMILLS_2020_10K.pdf,https://s29.q4cdn.com/993087495/files/doc_downloads/2020/F20_10K_Final_07.01.2020.pdf
fb-04854,financebench_id_04854,calcul,nombre,General Mills,GENERALMILLS_2020_10K,52,"According to the information provided in the statement of cash flows, what is the FY2020 free cash flow (FCF) for General Mills? FCF here is defined as: (cash from operations - capex). Answer in USD millions.",$3215.00,"The metric in question was calculated using other simpler metrics. The various simpler metrics (from the current and, if relevant, previous fiscal year(s)) used were: Metric 1: Cash from operations. This metric was located in the 10K as a single line item named: Net cash provided by operating activities. Metric 2: Capital expenditures. This metric was located in the 10K as a single line item named: Purchases of land, buildings, and equipment.",https://github.com/patronus-ai/financebench/blob/main/pdfs/GENERALMILLS_2020_10K.pdf,https://s29.q4cdn.com/993087495/files/doc_downloads/2020/F20_10K_Final_07.01.2020.pdf
fb-00651,financebench_id_00651,verdict,verdict,Johnson & Johnson,JOHNSON_JOHNSON_2022Q4_EARNINGS,1,Is growth in JnJ's adjusted EPS expected to accelerate in FY2023?,no,FY2023 adjusted EPS growth of 3.5% is slightly lower than FY2022 adjusted EPS growth of 3.6%.,https://github.com/patronus-ai/financebench/blob/main/pdfs/JOHNSON_JOHNSON_2022Q4_EARNINGS.pdf,https://johnsonandjohnson.gcs-web.com/static-files/ca8c3ac2-15ab-4f8d-9693-f604d50be358
fb-00299,financebench_id_00299,libelle,libelle,JPMorgan,JPMORGAN_2021Q1_10Q,19,Which of JPM's business segments had the lowest net revenue in 2021 Q1?,Corporate | Corporate segment,"14,605 > 12,517 > 4,077 > 2,393 > -473",https://github.com/patronus-ai/financebench/blob/main/pdfs/JPMORGAN_2021Q1_10Q.pdf,https://www.jpmorganchase.com/content/dam/jpmc/jpmorgan-chase-and-co/investor-relations/documents/quarterly-earnings/2021/1st-quarter/1q21-10-q.pdf
fb-00206,financebench_id_00206,verdict,verdict,JPMorgan,JPMORGAN_2022_10K,3,"Are JPM's gross margins historically consistent (not fluctuating more than roughly 2% each year)? If gross margins are not a relevant metric for a company like this, then please state that and explain why.",not_applicable,,https://github.com/patronus-ai/financebench/blob/main/pdfs/JPMORGAN_2022_10K.pdf,https://www.jpmorganchase.com/content/dam/jpmc/jpmorgan-chase-and-co/investor-relations/documents/quarterly-earnings/2022/4th-quarter/corp-10k-2022.pdf
fb-02049,financebench_id_02049,verdict,verdict,JPMorgan,JPMORGAN_2023Q2_10Q,85,"Looking at VaR, did the risk that JPM faced in the second fiscal quarter of 2023 decrease compared to the same period in the prior year?",yes,,https://github.com/patronus-ai/financebench/blob/main/pdfs/JPMORGAN_2023Q2_10Q.pdf,https://www.jpmorganchase.com/content/dam/jpmc/jpmorgan-chase-and-co/investor-relations/documents/quarterly-earnings/2023/2nd-quarter/CORP-Q2-2023.pdf
fb-10499,financebench_id_10499,calcul,nombre,Kraft Heinz,KRAFTHEINZ_2019_10K,50 ; 52,What is Kraft Heinz's FY2019 inventory turnover ratio? Inventory turnover ratio is defined as: (FY2019 COGS) / (average inventory between FY2018 and FY2019). Round your answer to two decimal places. Please base your judgments on the information provided primarily in the balance sheet and the P&L statement.,6.25,"The metric in question was calculated using other simpler metrics. The various simpler metrics (from the current and, if relevant, previous fiscal year(s)) used were: Metric 1: Cost of goods sold. This metric was located in the 10K as a single line item named: Cost of products sold. Metric 2: Inventories. This metric was located in the 10K as a single line item named: Inventories.",https://github.com/patronus-ai/financebench/blob/main/pdfs/KRAFTHEINZ_2019_10K.pdf,https://ir.kraftheinzcompany.com/static-files/2d2e9a1f-a7bc-4c07-9e5e-77aa60be8f86
fb-03718,financebench_id_03718,calcul,nombre,Lockheed Martin,LOCKHEEDMARTIN_2022_10K,63,What is Lockheed Martin's 2 year total revenue CAGR from FY2020 to FY2022 (in units of percents and round to one decimal place)? Provide a response to the question by primarily using the statement of income.,0.4%,"The metric total revenue was directly extracted from the company 10K. The line item name, as seen in the 10K, was: Total net sales. The final step was to execute the desired CAGR calculation on total revenue.",https://github.com/patronus-ai/financebench/blob/main/pdfs/LOCKHEEDMARTIN_2022_10K.pdf,https://investors.lockheedmartin.com/static-files/3e78cba6-f0c4-48d0-b931-fc6137744c87
fb-03849,financebench_id_03849,calcul,nombre,MGM Resorts,MGMRESORTS_2020_10K,65 ; 67,What is the FY2018 - FY2020 3 year average of capex as a % of revenue for MGM Resorts? Answer in units of percents and round to one decimal place. Please utilize information provided primarily within the statement of cash flows and the statement of income.,7.9%,"The metric in question was calculated using other simpler metrics. The various simpler metrics (from the current and, if relevant, previous fiscal year(s)) used were: Metric 1: Capital expenditures. This metric was located in the 10K as a single line item named: Capital expenditures, net of construction payable. Metric 2: Total revenue. This metric was located in the 10K as a single line item named: [blank line item referring to total revenue].",https://github.com/patronus-ai/financebench/blob/main/pdfs/MGMRESORTS_2020_10K.pdf,https://d18rn0p25nwr6d.cloudfront.net/CIK-0000789570/03692647-6ccc-4177-8ce9-13ac35692254.pdf
fb-00407,financebench_id_00407,libelle,libelle,MGM Resorts,MGMRESORTS_2023Q2_10Q,11,Which type of debt received the largest investment among the short term investments for MGM in H1 FY2023?,corporate bonds | corporate bond,416420/509921,https://github.com/patronus-ai/financebench/blob/main/pdfs/MGMRESORTS_2023Q2_10Q.pdf,https://d18rn0p25nwr6d.cloudfront.net/CIK-0000789570/e20e899f-c320-44ee-b5f9-c219e4585f49.pdf
fb-04700,financebench_id_04700,releve,nombre,Microsoft,MICROSOFT_2016_10K,52,What is the FY2016 COGS for Microsoft? Please state answer in USD millions. Provide a response to the question by primarily using the statement of income.,$32780.00,"The metric cost of goods sold was directly extracted from the company 10K. The line item name, as seen in the 10K, was: Total cost of revenue.",https://github.com/patronus-ai/financebench/blob/main/pdfs/MICROSOFT_2016_10K.pdf,https://microsoft.gcs-web.com/static-files/a779c4f1-d788-4890-83fb-633d198efe7e
fb-00552,financebench_id_00552,verdict,verdict,Microsoft,MICROSOFT_2023_10K,60,Has Microsoft increased its debt on balance sheet between FY2023 and the FY2022 period?,no,Current portion of long-term debt+Long-term debt 5247+41990 2749+47032,https://github.com/patronus-ai/financebench/blob/main/pdfs/MICROSOFT_2023_10K.pdf,https://microsoft.gcs-web.com/static-files/e2931fdb-9823-4130-b2a8-f6b8db0b15a9
fb-04458,financebench_id_04458,calcul,nombre,Netflix,NETFLIX_2015_10K,40 ; 42,We want to calculate a financial metric. Please help us compute it by basing your answers off of the statement of income and the statement of cash flows. Here's the question: what is the FY2015 unadjusted EBITDA % margin for Netflix? Calculate unadjusted EBITDA using unadjusted operating income and D&A (from cash flow statement).,5.4%,"The metric in question was calculated using other simpler metrics. The various simpler metrics (from the current and, if relevant, previous fiscal year(s)) used were: Metric 1: Depreciation and amortization. This metric was located in the 10K as a single line item named: Depreciation and amortization of property, equipment and intangibles. Metric 2: Unadjusted operating income. This metric was located in the 10K as a single line item named: Operating income. Metric 3: Total revenue. This metric was located in the 10K as a single line item named: Revenues.",https://github.com/patronus-ai/financebench/blob/main/pdfs/NETFLIX_2015_10K.pdf,https://d18rn0p25nwr6d.cloudfront.net/CIK-0001065280/7c37ae9c-ace5-4ad5-ab02-6b5e82c5ff8f.pdf
fb-04302,financebench_id_04302,calcul,nombre,Nike,NIKE_2018_10K,46,"We need to calculate a reasonable approximation (or exact number if possible) of a financial metric. Basing your judgment by information plainly provided in the statement of income, what is Nike's three year average of cost of goods sold as a % of revenue from FY2016 to FY2018? Answer in units of percents and round to one decimal place.",55.1%,"The metric in question was calculated using other simpler metrics. The various simpler metrics (from the current and, if relevant, previous fiscal year(s)) used were: Metric 1: Cost of goods sold. This metric was located in the 10K as a single line item named: Cost of sales. Metric 2: Total revenue. This metric was located in the 10K as a single line item named: Revenues.",https://github.com/patronus-ai/financebench/blob/main/pdfs/NIKE_2018_10K.pdf,https://d18rn0p25nwr6d.cloudfront.net/CIK-0000320187/3489b854-fa60-41a7-b8c3-8dc6b67534c0.pdf
fb-03531,financebench_id_03531,releve,nombre,Nike,NIKE_2019_10K,54,"According to the details clearly outlined within the balance sheet, how much total current assets did Nike have at the end of FY2019? Answer in USD millions.",$16525.00,"The metric total current assets was directly extracted from the company 10K. The line item name, as seen in the 10K, was: Total current assets.",https://github.com/patronus-ai/financebench/blob/main/pdfs/NIKE_2019_10K.pdf,https://d18rn0p25nwr6d.cloudfront.net/CIK-0000320187/76b92d86-75b3-4fa9-a754-e83395d63a46.pdf
fb-01163,financebench_id_01163,libelle,libelle,Nike,NIKE_2023_10K,62,"Among operations, investing, and financing activities, which brought in the most (or lost the least) cash flow for Nike in FY2023?",operations | operating | operating activities | cash flows from operating activities | cash flow from operations | cash provided by operations | cash provided (used) by operations | net cash provided by operating activities | total cash provided by operating activities | cash provided by operating activities,,https://github.com/patronus-ai/financebench/blob/main/pdfs/NIKE_2023_10K.pdf,https://s1.q4cdn.com/806093406/files/doc_downloads/2023/414759-1-_5_Nike-NPS-Combo_Form-10-K_WR.pdf
fb-00735,financebench_id_00735,verdict,verdict,PepsiCo,PEPSICO_2022_10K,26,Has Pepsico reported any materially important ongoing legal battles from FY2022 and FY2021?,no,Management believes the final outcome of legal proceedings will not have a material adverse outcome.,https://github.com/patronus-ai/financebench/blob/main/pdfs/PEPSICO_2022_10K.pdf,https://pepsico.gcs-web.com/static-files/d051bdd6-c6d2-4814-826f-ece589b88d4c
fb-03620,financebench_id_03620,calcul,nombre,PepsiCo,PEPSICO_2022_10K,62 ; 64,What is the FY2022 unadjusted EBITDA less capex for PepsiCo? Define unadjusted EBITDA as unadjusted operating income + depreciation and amortization [from cash flow statement]. Answer in USD millions. Respond to the question by assuming the perspective of an investment analyst who can only use the details shown within the statement of cash flows and the income statement.,$9068.00,"The metric in question was calculated using other simpler metrics. The various simpler metrics (from the current and, if relevant, previous fiscal year(s)) used were: Metric 1: Depreciation and amortization. This metric was located in the 10K as a single line item named: Depreciation and amortization. Metric 2: Unadjusted operating income. This metric was located in the 10K as a single line item named: Operating Profit. Metric 3: Capital expenditures. This metric was located in the 10K as a single line item named: Capital spending.",https://github.com/patronus-ai/financebench/blob/main/pdfs/PEPSICO_2022_10K.pdf,https://pepsico.gcs-web.com/static-files/d051bdd6-c6d2-4814-826f-ece589b88d4c
fb-00302,financebench_id_00302,verdict,verdict,Pfizer,PFIZER_2021_10K,59,Did Pfizer grow its PPNE between FY20 and FY21?,yes,14882 - 13745 > 0,https://github.com/patronus-ai/financebench/blob/main/pdfs/PFIZER_2021_10K.pdf,https://d18rn0p25nwr6d.cloudfront.net/CIK-0000078003/fa35a206-5bac-4a7a-9571-1e194b4436b5.pdf
fb-00746,financebench_id_00746,libelle,libelle,Ulta Beauty,ULTABEAUTY_2023_10K,1,Which debt securities are registered to trade on a national securities exchange under Ulta Beauty's name as of FY2023?,,No debt securities listed under securities registered pursuant to Section 12(b) of the Act.,https://github.com/patronus-ai/financebench/blob/main/pdfs/ULTABEAUTY_2023_10K.pdf,https://www.ulta.com/investor/sec-filings/annual-reports/content/0001558370-23-004581/0001558370-23-004581.pdf
fb-00521,financebench_id_00521,libelle,libelle,Ulta Beauty,ULTABEAUTY_2023_10K,57,What are major acquisitions that Ulta Beauty has done in FY2023 and FY2022?,,"Consolidated statement of cash flows reflects - for Acquisitions, net of cash acquired in FY2023 and FY2022.",https://github.com/patronus-ai/financebench/blob/main/pdfs/ULTABEAUTY_2023_10K.pdf,https://www.ulta.com/investor/sec-filings/annual-reports/content/0001558370-23-004581/0001558370-23-004581.pdf
fb-00859,financebench_id_00859,libelle,libelle,Verizon,VERIZON_2021_10K,85,"Among all of the derivative instruments that Verizon used to manage the exposure to fluctuations of foreign currencies exchange rates or interest rates, which one had the highest notional value in FY 2021?",Cross currency swaps | Cross currency swap,"The derivative instruments used to mangae the exposure were interest rate swaps, cross currency swaps, forward starting interest rate swaps, and foreign exchange forwards. 32502 > 19779 > 1000 > 932",https://github.com/patronus-ai/financebench/blob/main/pdfs/VERIZON_2021_10K.pdf,https://www.verizon.com/about/sites/default/files/2021-Annual-Report-on-Form-10-K.pdf
fb-00566,financebench_id_00566,verdict,verdict,Verizon,VERIZON_2022_10K,77,Has Verizon increased its debt on balance sheet between 2022 and the 2021 fiscal period?,no,debt change = debt in 2022 - debt in 2021 = 150639 - 150868 = -229,https://github.com/patronus-ai/financebench/blob/main/pdfs/VERIZON_2022_10K.pdf,https://www.verizon.com/about/sites/default/files/2022-Annual-Report-on-Form-10K.pdf
fb-04784,financebench_id_04784,calcul,nombre,Walmart,WALMART_2019_10K,48,"Based on the information provided primarily in the statement of income, what is the FY2018 - FY2019 change in unadjusted operating income % margin for Walmart? Answer in units of percents and round to one decimal place.",0.2%,"The metric in question was calculated using other simpler metrics. The various simpler metrics (from the current and, if relevant, previous fiscal year(s)) used were: Metric 1: Unadjusted operating income. This metric was located in the 10K as a single line item named: Operating income. Metric 2: Total revenue. This metric was located in the 10K as a single line item named: Total revenues.",https://github.com/patronus-ai/financebench/blob/main/pdfs/WALMART_2019_10K.pdf,https://d18rn0p25nwr6d.cloudfront.net/CIK-0000104169/b23b2787-eb44-4e0b-82bd-fca01f140a3e.pdf
fb-06741,financebench_id_06741,calcul,nombre,Walmart,WALMART_2020_10K,51 ; 56,What is the FY2018 - FY2020 3 year average unadjusted EBITDA % margin for Walmart? Define unadjusted EBITDA as unadjusted operating income + depreciation and amortization from the cash flow statement. Answer in units of percents and round to one decimal place. Calculate what was asked by utilizing the line items clearly shown in the P&L statement and the cash flow statement.,6.2%,"The metric in question was calculated using other simpler metrics. The various simpler metrics (from the current and, if relevant, previous fiscal year(s)) used were: Metric 1: Depreciation and amortization. This metric was located in the 10K as a single line item named: Depreciation and amortization. Metric 2: Unadjusted operating income. This metric was located in the 10K as a single line item named: Operating income. Metric 3: Total revenue. This metric was located in the 10K as a single line item named: Total revenues.",https://github.com/patronus-ai/financebench/blob/main/pdfs/WALMART_2020_10K.pdf,https://d18rn0p25nwr6d.cloudfront.net/CIK-0000104169/af5415d9-0e07-4ba1-a6cc-bb3058a7f4e8.pdf
fb-02987,financebench_id_02987,calcul,nombre,Activision Blizzard,ACTIVISIONBLIZZARD_2019_10K,69 ; 70,What is the FY2019 fixed asset turnover ratio for Activision Blizzard? Fixed asset turnover ratio is defined as: FY2019 revenue / (average PP&E between FY2018 and FY2019). Round your answer to two decimal places. Base your judgments on the information provided primarily in the statement of income and the statement of financial position.,24.26,"The metric in question was calculated using other simpler metrics. The various simpler metrics (from the current and, if relevant, previous fiscal year(s)) used were: Metric 1: Total revenue. This metric was located in the 10K as a single line item named: Total net revenues. Metric 2: Ppne, net. This metric was located in the 10K as a single line item named: Property and equipment, net.",https://github.com/patronus-ai/financebench/blob/main/pdfs/ACTIVISIONBLIZZARD_2019_10K.pdf,https://investor.activision.com/static-files/32abe798-add2-4770-9c7d-4cd3a840ede2
fb-07966,financebench_id_07966,calcul,nombre,Activision Blizzard,ACTIVISIONBLIZZARD_2019_10K,70 ; 73,What is the FY2017 - FY2019 3 year average of capex as a % of revenue for Activision Blizzard? Answer in units of percents and round to one decimal place. Calculate (or extract) the answer from the statement of income and the cash flow statement.,1.9%,"The metric in question was calculated using other simpler metrics. The various simpler metrics (from the current and, if relevant, previous fiscal year(s)) used were: Metric 1: Capital expenditures. This metric was located in the 10K as a single line item named: Capital expenditures. Metric 2: Total revenue. This metric was located in the 10K as a single line item named: Total net revenues.",https://github.com/patronus-ai/financebench/blob/main/pdfs/ACTIVISIONBLIZZARD_2019_10K.pdf,https://investor.activision.com/static-files/32abe798-add2-4770-9c7d-4cd3a840ede2
fb-04735,financebench_id_04735,calcul,nombre,Adobe,ADOBE_2015_10K,59 ; 63,You are an investment banker and your only resource(s) to answer the following question is (are): the statement of financial position and the cash flow statement. Here's the question: what is the FY2015 operating cash flow ratio for Adobe? Operating cash flow ratio is defined as: cash from operations / total current liabilities. Round your answer to two decimal places.,0.66,"The metric in question was calculated using other simpler metrics. The various simpler metrics (from the current and, if relevant, previous fiscal year(s)) used were: Metric 1: Cash from operations. This metric was located in the 10K as a single line item named: Net cash provided by operating activities. Metric 2: Total current liabilities. This metric was located in the 10K as a single line item named: Total current liabilities.",https://github.com/patronus-ai/financebench/blob/main/pdfs/ADOBE_2015_10K.pdf,https://www.adobe.com/pdf-page.html?pdfTarget=aHR0cHM6Ly93d3cuYWRvYmUuY29tL2NvbnRlbnQvZGFtL2NjL2VuL2ludmVzdG9yLXJlbGF0aW9ucy9wZGZzL0FEQkUtMTBLLUZZMTUtRklOQUwucGRm
fb-07507,financebench_id_07507,calcul,nombre,Adobe,ADOBE_2016_10K,62,What is Adobe's year-over-year change in unadjusted operating income from FY2015 to FY2016 (in units of percents and round to one decimal place)? Give a solution to the question by using the income statement.,65.4%,"The metric unadjusted operating income was directly extracted from the company 10K. The line item name, as seen in the 10K, was: Operating income. The final step was to execute the desired percent change calculation on unadjusted operating income.",https://github.com/patronus-ai/financebench/blob/main/pdfs/ADOBE_2016_10K.pdf,https://www.adobe.com/pdf-page.html?pdfTarget=aHR0cHM6Ly93d3cuYWRvYmUuY29tL2NvbnRlbnQvZGFtL2NjL2VuL2ludmVzdG9yLXJlbGF0aW9ucy9wZGZzL0FEQkUtMTBLLUZZMTYtRklOQUwucGRm
fb-03856,financebench_id_03856,calcul,nombre,Adobe,ADOBE_2017_10K,57 ; 61,What is the FY2017 operating cash flow ratio for Adobe? Operating cash flow ratio is defined as: cash from operations / total current liabilities. Round your answer to two decimal places. Please utilize information provided primarily within the balance sheet and the cash flow statement.,0.83,"The metric in question was calculated using other simpler metrics. The various simpler metrics (from the current and, if relevant, previous fiscal year(s)) used were: Metric 1: Cash from operations. This metric was located in the 10K as a single line item named: Net cash provided by operating activities. Metric 2: Total current liabilities. This metric was located in the 10K as a single line item named: Total current liabilities.",https://github.com/patronus-ai/financebench/blob/main/pdfs/ADOBE_2017_10K.pdf,https://www.adobe.com/pdf-page.html?pdfTarget=aHR0cHM6Ly93d3cuYWRvYmUuY29tL2NvbnRlbnQvZGFtL2NjL2VuL2ludmVzdG9yLXJlbGF0aW9ucy9wZGZzL0FEQkUtMTBLLUZZMTctRklOQUwucGRm
fb-06655,financebench_id_06655,calcul,nombre,Amazon,AMAZON_2017_10K,38 ; 40,What is Amazon's FY2017 days payable outstanding (DPO)? DPO is defined as: 365 * (average accounts payable between FY2016 and FY2017) / (FY2017 COGS + change in inventory between FY2016 and FY2017). Round your answer to two decimal places. Address the question by using the line items and information shown within the balance sheet and the P&L statement.,93.86,"The metric in question was calculated using other simpler metrics. The various simpler metrics (from the current and, if relevant, previous fiscal year(s)) used were: Metric 1: Accounts payable. This metric was located in the 10K as a single line item named: Accounts payable. Metric 2: Inventories. This metric was located in the 10K as a single line item named: Inventories. Metric 3: Cost of goods sold. This metric was located in the 10K as a single line item named: Cost of sales.",https://github.com/patronus-ai/financebench/blob/main/pdfs/AMAZON_2017_10K.pdf,https://d18rn0p25nwr6d.cloudfront.net/CIK-0001018724/02da2a86-7bb9-4bcb-95ae-4ce27ea5e3bc.pdf
fb-08135,financebench_id_08135,calcul,nombre,Amazon,AMAZON_2017_10K,38,What is Amazon's year-over-year change in revenue from FY2016 to FY2017 (in units of percents and round to one decimal place)? Calculate what was asked by utilizing the line items clearly shown in the statement of income.,30.8%,"The metric total revenue was directly extracted from the company 10K. The line item name, as seen in the 10K, was: Total net sales. The final step was to execute the desired percent change calculation on total revenue.",https://github.com/patronus-ai/financebench/blob/main/pdfs/AMAZON_2017_10K.pdf,https://d18rn0p25nwr6d.cloudfront.net/CIK-0001018724/02da2a86-7bb9-4bcb-95ae-4ce27ea5e3bc.pdf
fb-03838,financebench_id_03838,calcul,nombre,Block,BLOCK_2020_10K,86,What is the FY2019 - FY2020 total revenue growth rate for Block (formerly known as Square)? Answer in units of percents and round to one decimal place. Approach the question asked by assuming the standpoint of an investment banking analyst who only has access to the statement of income.,101.5%,"The metric total revenue was directly extracted from the company 10K. The line item name, as seen in the 10K, was: Total net revenue. The final step was to execute the desired percent change calculation on total revenue.",https://github.com/patronus-ai/financebench/blob/main/pdfs/BLOCK_2020_10K.pdf,https://d18rn0p25nwr6d.cloudfront.net/CIK-0001512673/c7b05bfa-5bb8-43b7-9580-9de362ef1e83.pdf
fb-10130,financebench_id_10130,calcul,nombre,Corning,CORNING_2020_10K,70 ; 72,"Based on the information provided primarily in the balance sheet and the statement of income, what is FY2020 days payable outstanding (DPO) for Corning? DPO is defined as: 365 * (average accounts payable between FY2019 and FY2020) / (FY2020 COGS + change in inventory between FY2019 and FY2020). Round your answer to two decimal places.",63.86,"The metric in question was calculated using other simpler metrics. The various simpler metrics (from the current and, if relevant, previous fiscal year(s)) used were: Metric 1: Accounts payable. This metric was located in the 10K as a single line item named: AccountsÂ payable. Metric 2: Inventories. This metric was located in the 10K as a single line item named: Inventories, net (Note 6). Metric 3: Cost of goods sold. This metric was located in the 10K as a single line item named: CostÂ ofÂ sales.",https://github.com/patronus-ai/financebench/blob/main/pdfs/CORNING_2020_10K.pdf,https://d18rn0p25nwr6d.cloudfront.net/CIK-0000024741/7cdeac7f-277e-4258-ad8e-4ba0f655f368.pdf
fb-02981,financebench_id_02981,calcul,nombre,Corning,CORNING_2021_10K,65,"Taking into account the information outlined in the income statement, what is the FY2019 - FY2021 3 year average unadjusted operating income % margin for Corning? Answer in units of percents and round to one decimal place.",10.3%,"The metric in question was calculated using other simpler metrics. The various simpler metrics (from the current and, if relevant, previous fiscal year(s)) used were: Metric 1: Unadjusted operating income. This metric was located in the 10K as a single line item named: OperatingÂ income. Metric 2: Total revenue. This metric was located in the 10K as a single line item named: NetÂ sales.",https://github.com/patronus-ai/financebench/blob/main/pdfs/CORNING_2021_10K.pdf,https://d18rn0p25nwr6d.cloudfront.net/CIK-0000024741/f9519502-38b3-4e0b-94fa-b6a7138812a4.pdf
fb-04103,financebench_id_04103,calcul,nombre,General Mills,GENERALMILLS_2019_10K,53 ; 55,What is the FY2019 cash conversion cycle (CCC) for General Mills? CCC is defined as: DIO + DSO - DPO. DIO is defined as: 365 * (average inventory between FY2018 and FY2019) / (FY2019 COGS). DSO is defined as: 365 * (average accounts receivable between FY2018 and FY2019) / (FY2019 Revenue). DPO is defined as: 365 * (average accounts payable between FY2018 and FY2019) / (FY2019 COGS + change in inventory between FY2018 and FY2019). Round your answer to two decimal places. Address the question by using the line items and information shown within the income statement and the balance sheet.,-3.7,"The metric in question was calculated using other simpler metrics. The various simpler metrics (from the current and, if relevant, previous fiscal year(s)) used were: Metric 1: Accounts payable. This metric was located in the 10K as a single line item named: Accounts payable. Metric 2: Accounts receivable, net. This metric was located in the 10K as a single line item named: Receivables. Metric 3: Cost of goods sold. This metric was located in the 10K as a single line item named: Cost of sales. Metric 4: Total revenue. This metric was located in the 10K as a single line item named: Net sales. Metric 5: Inventories. This metric was located in the 10K as a single line item named: Inventories.",https://github.com/patronus-ai/financebench/blob/main/pdfs/GENERALMILLS_2019_10K.pdf,https://d18rn0p25nwr6d.cloudfront.net/CIK-0000040704/0fd13703-8eed-4b60-b46c-b2b3199887dc.pdf
fb-10136,financebench_id_10136,calcul,nombre,General Mills,GENERALMILLS_2022_10K,45 ; 49,We want to calculate a financial metric. Please help us compute it by basing your answers off of the cash flow statement and the income statement. Here's the question: what is the FY2022 retention ratio (using total cash dividends paid and net income attributable to shareholders) for General Mills? Round answer to two decimal places.,0.54,"The metric in question was calculated using other simpler metrics. The various simpler metrics (from the current and, if relevant, previous fiscal year(s)) used were: Metric 1: Total cash dividends paid out. This metric was located in the 10K as a single line item named: Dividends paid. Metric 2: Net income. This metric was located in the 10K as a single line item named: Net earnings attributable to General Mills.",https://github.com/patronus-ai/financebench/blob/main/pdfs/GENERALMILLS_2022_10K.pdf,https://d18rn0p25nwr6d.cloudfront.net/CIK-0000040704/e031af8c-f4fd-4350-9275-d3dbbec95c8c.pdf
fb-04412,financebench_id_04412,calcul,nombre,Lockheed Martin,LOCKHEEDMARTIN_2020_10K,67 ; 69,"We need to calculate a reasonable approximation (or exact number if possible) of a financial metric. Basing your judgment by information plainly provided in the balance sheet and the P&L statement, what is Lockheed Martin's FY2020 asset turnover ratio? Asset turnover ratio is defined as: FY2020 revenue / (average total assets between FY2019 and FY2020). Round your answer to two decimal places.",1.33,"The metric in question was calculated using other simpler metrics. The various simpler metrics (from the current and, if relevant, previous fiscal year(s)) used were: Metric 1: Total revenue. This metric was located in the 10K as a single line item named: Total net sales. Metric 2: Total assets. This metric was located in the 10K as a single line item named: Total assets.",https://github.com/patronus-ai/financebench/blob/main/pdfs/LOCKHEEDMARTIN_2020_10K.pdf,https://investors.lockheedmartin.com/static-files/51bf9a09-5811-4f36-a5e4-fccaf8bfffea
fb-03031,financebench_id_03031,calcul,nombre,Lockheed Martin,LOCKHEEDMARTIN_2021_10K,68,What is Lockheed Martin's FY2021 net working capital? Define net working capital as total current assets less total current liabilities. Answer in USD millions. Respond to the question by assuming the perspective of an investment analyst who can only use the details shown within the balance sheet.,$5818.00,"The metric in question was calculated using other simpler metrics. The various simpler metrics (from the current and, if relevant, previous fiscal year(s)) used were: Metric 1: Total current liabilities. This metric was located in the 10K as a single line item named: Total current liabilities. Metric 2: Total current assets. This metric was located in the 10K as a single line item named: Total current assets.",https://github.com/patronus-ai/financebench/blob/main/pdfs/LOCKHEEDMARTIN_2021_10K.pdf,https://investors.lockheedmartin.com/static-files/9ea385e3-f89c-471a-a720-4dcda1279cec
fb-04080,financebench_id_04080,calcul,nombre,Nike,NIKE_2021_10K,59 ; 61,"When primarily referencing the income statement and the statement of financial position, what is the FY2021 inventory turnover ratio for Nike? Inventory turnover ratio is defined as: (FY2021 COGS) / (average inventory between FY2020 and FY2021). Round your answer to two decimal places.",3.46,"The metric in question was calculated using other simpler metrics. The various simpler metrics (from the current and, if relevant, previous fiscal year(s)) used were: Metric 1: Cost of goods sold. This metric was located in the 10K as a single line item named: Cost of sales. Metric 2: Inventories. This metric was located in the 10K as a single line item named: Inventories.",https://github.com/patronus-ai/financebench/blob/main/pdfs/NIKE_2021_10K.pdf,https://d18rn0p25nwr6d.cloudfront.net/CIK-0000320187/702c5a98-3399-4049-aa9b-a159dd44826c.pdf
fb-04481,financebench_id_04481,calcul,nombre,PepsiCo,PEPSICO_2022_10K,62 ; 64,What is the FY2022 unadjusted EBITDA % margin for PepsiCo? Calculate unadjusted EBITDA using unadjusted operating income and D&A (from cash flow statement). Give a response to the question by relying on the details shown in the statement of cash flows and the P&L statement.,16.5%,"The metric in question was calculated using other simpler metrics. The various simpler metrics (from the current and, if relevant, previous fiscal year(s)) used were: Metric 1: Depreciation and amortization. This metric was located in the 10K as a single line item named: Depreciation and amortization. Metric 2: Unadjusted operating income. This metric was located in the 10K as a single line item named: Operating Profit. Metric 3: Total revenue. This metric was located in the 10K as a single line item named: Net Revenue.",https://github.com/patronus-ai/financebench/blob/main/pdfs/PEPSICO_2022_10K.pdf,https://pepsico.gcs-web.com/static-files/d051bdd6-c6d2-4814-826f-ece589b88d4c
fb-06247,financebench_id_06247,calcul,nombre,Walmart,WALMART_2018_10K,57 ; 59,What is FY2018 days payable outstanding (DPO) for Walmart? DPO is defined as: 365 * (average accounts payable between FY2017 and FY2018) / (FY2018 COGS + change in inventory between FY2017 and FY2018). Round your answer to two decimal places. Please base your judgments on the information provided primarily in the statement of financial position and the P&L statement.,42.69,"The metric in question was calculated using other simpler metrics. The various simpler metrics (from the current and, if relevant, previous fiscal year(s)) used were: Metric 1: Accounts payable. This metric was located in the 10K as a single line item named: Accounts payable. Metric 2: Inventories. This metric was located in the 10K as a single line item named: Inventories. Metric 3: Cost of goods sold. This metric was located in the 10K as a single line item named: Cost of sales.",https://github.com/patronus-ai/financebench/blob/main/pdfs/WALMART_2018_10K.pdf,https://d18rn0p25nwr6d.cloudfront.net/CIK-0000104169/a25e7acb-aa07-49f3-8c0c-0c69e5a8d372.pdf
